Date,Department,Book_Title,Member,Books_Issued
2025-01-01,Science,Physics Fundamentals,John,2
2025-01-01,Literature,Shakespeare Plays,Alice,1
2025-01-02,Science,Chemistry Basics,Mark,3
2025-01-02,History,World War II,Emma,1
2025-01-03,Literature,Modern Poetry,Sophia,2
2025-01-03,Science,Physics Fundamentals,David,1
2025-01-04,History,Ancient Civilizations,John,2
2025-01-04,Literature,Shakespeare Plays,Liam,1
2025-01-05,Science,Mathematics 101,Alice,3
2025-01-05,History,World War II,Emma,2
2025-01-06,Science,Data Science 101,Noah,4
2025-01-06,History,Indian Independence,Olivia,2
2025-01-07,Literature,Modern Poetry,Ethan,1
2025-01-07,Science,Artificial Intelligence,Sophia,3
2025-01-08,History,Ancient Civilizations,Isabella,1
2025-01-08,Literature,English Grammar,David,2
2025-01-09,Science,Machine Learning Basics,Emma,3
2025-01-09,History,World History,Liam,2
2025-01-10,Literature,Shakespeare Plays,Olivia,1
2025-01-10,Science,Physics Fundamentals,John,2
2025-01-11,History,World War II,Sophia,3
2025-01-11,Literature,Modern Poetry,Noah,2
2025-01-12,Science,Chemistry Basics,Emma,2
2025-01-12,History,World History,David,1
2025-01-13,Literature,English Grammar,Alice,2
2025-01-13,Science,Artificial Intelligence,Mark,3
2025-01-14,History,Ancient Civilizations,Liam,1
2025-01-14,Literature,Shakespeare Plays,Sophia,2
2025-01-15,Science,Mathematics 101,Olivia,4
2025-01-15,History,Indian Independence,John,2